review_id,product,review
1,Wireless Earbuds,"Amazing sound quality and the battery lasts all day. Best purchase I have made this year!"
2,Wireless Earbuds,"Left earbud stopped working after two weeks. Support never replied to my emails. Very disappointed."
3,Wireless Earbuds,"They are okay. Sound is decent but nothing special for the price."
4,Phone Case,"Fits perfectly and feels premium. Love the colour, would buy again."
5,Phone Case,"Cheap plastic, cracked within a week. Complete waste of money."
6,Phone Case,"Does the job. A little bulky but protects the phone, I guess."
7,Laptop Stand,"Sturdy, adjustable and looks great on my desk. Highly recommend."
8,Laptop Stand,"The stand wobbles and the screws do not tighten. I can not recommend it."
9,Laptop Stand,"Average product. Works fine but the instructions were confusing."
10,Coffee Maker,"Makes a fantastic cup of coffee in under three minutes. Easy to clean too."
11,Coffee Maker,"Leaked all over the counter on the first use. Returned it immediately."
12,Coffee Maker,"It is fine for the price. Not the best, not the worst."
13,Running Shoes,"Super comfortable from the first run. My feet have never felt better."
14,Running Shoes,"Sizing is way off and the sole started peeling after a month. Terrible quality."
15,Running Shoes,"Decent shoes, though they run a bit small. Neither great nor bad."
16,Blender,"Powerful motor, crushes ice like nothing. Worth every penny."
17,Blender,"Awful noise and it burned out in a month. Do not buy this."
18,Blender,"It blends. That is about all I can say, it is just okay."
19,Yoga Mat,"Great grip and very comfortable. I use it every single day."
20,Yoga Mat,"Smells like chemicals and the surface is peeling already. Not happy at all."
21,Yoga Mat,"Pretty standard mat, nothing to complain about but nothing to love either."
22,Desk Lamp,"Bright, modern and the touch controls are brilliant. Five stars."
23,Desk Lamp,"Stopped lighting up on day three. Seller refused a refund. Horrible experience."
24,Desk Lamp,"Works as described. The light is a bit harsh but acceptable."
25,Backpack,"Spacious, light and very well made. Perfect for my daily commute."
26,Backpack,"Zipper broke within two weeks and the straps are uncomfortable. Disappointed."
27,Backpack,"Okay backpack for the price. Stitching could be better."
28,Smart Watch,"Not bad at all, I am pleasantly surprised by how accurate the tracking is."
29,Smart Watch,"This is not as good as the description promised. Battery barely lasts a day."
30,Smart Watch,"Nice screen but the app is clunky. Mixed feelings overall."
31,Novel,"Could not put it down. Beautifully written and a fantastic ending."
32,Novel,"Slow, boring and predictable. I stopped reading halfway through."
33,Novel,"An average read. Some good chapters, some dull ones."
34,Water Bottle,"Keeps drinks cold for 24 hours as promised. Love it!"
35,Water Bottle,"The lid leaks and the paint chipped. Not worth the money."
36,Water Bottle,"Fine bottle. A bit heavy but it does its job."
37,Bluetooth Speaker,"Surprisingly loud and clear for such a small speaker. Excellent value."
38,Bluetooth Speaker,"Connection keeps dropping and the bass is awful. Returning it."
39,Bluetooth Speaker,"Sounds acceptable. I expected a little more at this price."
40,Keyboard,"Typing feels wonderful and the backlight is gorgeous. Totally satisfied."
41,Keyboard,"Several keys stopped responding after a week. Never buying from this brand again."
42,Keyboard,"It is a keyboard. Works, nothing more to say."
