review,actual_sentiment
Enjoyed reading Merciless Charity.Charity was one tough lady.Hope to read more about her.,positive
Worked for like a couple weeks then refused to work even w idk th new batteries. Sucked because I liked it,negative
Great series. I couldn't put it down.,positive
Nice knife the button is hard to push though at least harder than my ither kershaw.,neutral
"Pleasantly surprised by how good it was. Great flavor, and texture. Nice crunch.",positive
"Cute but the air is not that strong, however you get your money a worth",neutral
"Akward sized netty potts, horrible airstones and pump. You can make a DIY better and cheaper with better parts.",negative
"Very disappointed with how cheap these sheets are, I just put the sheets on the bed two nights ago and the sheets are tearing and literally falling apart. I will post pictures of what they currently look like. So disappointing after seeing so many amazing reviews, I think they began lacking on quality.",negative
"Good little filter, my one grip is that the stem isn't sturdy - so at times the filter falls down when positioning it.",positive
it lasted two years and died.,negative
I love my stones. Some are small but I believe it’s because they are hard to come by. Either way my intentions are what matters. For the price you can’t beat it. Love love love,positive
Cheaper version of Baby Foot which didn’t work nearly as well.,neutral
Very good case for a great price. The cover is sturdy and a good grip without being bulky. Looks exactly the same as the more expensive ones.,positive
Hmmmm. What am I going to do with this? Kinda hard to use when it didn’t come with a shirt as described on the product description!,negative
sound is very low dvd stoped working after 5 weeks.,negative
Great pump! Really good creama.,positive
I didnt like the way it looked on me it was more cotton look.,neutral
"Kiera gets a call, play the game or her twin will die. A stupid joke, until Kevin didn’t pick up the phone. Few clues that don’t add up, to Kevin now missing. Inhaling a powder at his apartment, almost proved lethal for her. A tense, fast paced story, that gripped a reader from the first when she gets a call. The only drawback for me, was her attitude. Continuing on with the next book in series.",positive
Cute but the sizing chart was way off. Thought it would fit my medium dog but its chihuahua sized instead,negative
Strap locking claps fell off twice / impossible to attached. Ended up throwing it away. Went back to Apple strap.,negative
"Thought these were the bigger bottles, a little pricy for the size they are. But it's Dove which always leaves my skin soft. Scent is very light.",positive
Runs small sent back,negative
"The first time I purchased this shirt I was happy, because it was exactly as described in their ad. A couple of weeks later I order a second one and it was lower quality. The fabric was rough and it was not navy blue.",neutral
"Nice product, purchased to replaced damaged ones, which came on my truck. May upgrade after I see how they handle the car wash. Beside the expected adhesive trim tape, the newer ones had extension tabs, which insert behind the exterior mirror body mouldings, which increase the installation integrity and reduce chance of wind, water, carwash, etc, dislodging them.",positive
this is fabulous - while i have only used it for a couple days i can tell it's doing its job. my eyelashes are less brittle and hold out a lot better by using this oil nightly on them with the given wand. :) if youre thinking of getting this just give it a shot and see how it fares - youll know what i mean then! Thanks Kate!,positive
My puppy wore it the whole time at her party. It wasn't too tight for her (she has a little head though) Pom,positive
"It is really nice and the quality looks good but it doesn’t close. The bunny’s face is always open and hanging from the rest of the watch when you try to close it, it stays closed for a second and then is open again. I bought 2 for my girls, and they cannot wear them since they look very bad with the face hanging to the side. So sad.",negative
"Fast shipping, great price. I was happy with the quality of the case. I would buy again.",positive
"This cover is so thick my phone can't even sense my fingers when typing and scrolling. It may be protective but it is NOT functional at all. Plus its not even properly stuck to my phone. I followed the directions to a t, and it just sucks. Will be returning, hands down.",negative
Color not as bright or as expected.,negative
"I order three packages of petri dishes. Each package of 20 petri damages came in its own box, which were contained in a single large box. The large box was not damaged whatsoever, but inside, one of the three smaller box was damaged, which means it was damaged prior to shipping. I wrote the seller explaining this fact and hoped they'd respond by offering to sent me another package free of charge; I never received a reply from them.",neutral
"Good lamp, cures fast and perfectly. Bought as a gift, very satisfied!",positive
Returned. Some of the kids were impossible to close,negative
The bundles had an unpleasant smell to them when I first received them. My first week the hair was fine although there was a lot of shedding. I am almost 3 weeks in and the hair is getting kind of stiff but not too bad and there's still a lot of shedding and it doesn't even look like loose wave. It looks more like a body wave to me . I wouldn't order this hair again but maybe your experience may be better than mine.,negative
This is the best bar I've owned. No issues,positive
Finally I found an armband that fits my phone while the otter box case is on but... I have really thin arms and this product fit my arm but took up literally my whole arm. Granted that's probably my bad for being a petite lady and owning an iPhone plus phone lol...,positive
"Easily scratched, but still functional",positive
"These pillows arrived timely. Nicely packaged. Soft, yet sturdy. Perfect for my project",positive
Product works well. Purchase was easy and delivery was timely.,positive
Very plain with none of the fragrant aromas that I’d expect in a quality roast. Very disappointed in how flat the flavor is. Not ordering again.,neutral
"The story continues. Just as exciting and thrilling as the first. The romance between the two is getting hot. We are starting to get some answers, but there are still more questions than answers.",positive
I love this bread mix. The shipping cost is way too high.,positive
Works pretty good could be better. No chem burns.,positive
I can’t keep these in my ears when jogging. Have yo keep readjusting them,neutral
I was worried about the shampoo bottle would broke since they sent it from Korea. Thought I may have to return the item or cancel my order. But I received a complete bottle. They wrapped it with a plastic bubble wrap. Very professional.,positive
I am very happy with this product,positive
I wear it to bed and when i wake up my lower back is waaaaay looser,positive
My birds still making mess...,neutral
"The powdered form does not have sugar, but it is in the liquid form.",positive
does not work properly the reviews online are grossly inacurate do not buy this item... it does not work correctly.,negative
"A great story of myth and legend, of beauty and transformation and healing with art work of a beautiful, fulfilling nature. Enjoy! I did!",positive
"Tried to use this device to play 4k video, very sluggish, almost stop and go, have to return it.",negative
"Leaks enough to make long jobs really annoying. But if you need it for something quick then you'll be okay. If you can find a way to leak-proof this it'll be a good investment. If not, trade up son.",negative
Perfect for adding a wideband O2 sensor. Next time though I'll find one with a lip that protrudes slightly into the pipe to make holding/welding it easier.,neutral
"Cute style, but they lack grommets in the lacing holes, and they started to tear through. Returned for refund.",negative
It was nice and fit the situation perfectly,positive
"This is a good quick Eva Luxe romance read, with a sweet and funny storyline.",neutral
"I bought it with the intention of holding one piece 12' X 24"" runner carpet in place over some very light colored carpeting; in my case I use a carpet tape to affix the runner to your product it did not hold the runner carpet in place, perhaps it would work better on hardwood flooring?",negative
"I have been using the cord and USB charger with my Arlo Pro 2 camera for about a month. I keep the plug in a weatherproof outdoor outlet cover. The 20 ft cord was probably overkill for me since I only needed about 10 ft and now I just have it coiled up at the base. The flat cable seems like it is slightly over 1/4 in wide. If your mount has a large tightening nut, it might get in the way when you try to plug in the connector. I used the Arlo branded mount that has a small nut and it works fine. I have not received any error messages on the camera using this product. I have it mounted under an overhang, so it is not fully exposed to the elements in my case unless the wind is blowing hard. The only complaint I have is with the plug. I wish the shape or design of it was a little better since it becomes very long with the cable plugged in and I had to swap out my outdoor outlet cover to handle the size. It fit very snugly in a 4.75 in. deep cover.",positive
wrong piece white circle instead of gray that wont make the horse go around because it doesn't fit,neutral
"I bought a magnet phone holder from Walmart. It came with extremely strong magnets that look like these. Phone would not budge until you pried it off. I switched phones and needed a new magnet and decided to try these. I have 2 of the large magnets shown in the picture on my phone and still, the phone is not sturdy. It hasn’t fallen yet but it tips to one side or the other. I will probably just purchase a new kit for 20 bucks in the future.",negative
Very nice considering the ones the dr wanted me to buy were 80 for one pair ... they make me hot hope I’m able to wear all day ... good value tho,positive
"Without a doubt, THE WORST printer I have ever purchased. After a year of light printing, it sounded like a truck was stuck in it. Six months since, I suspect each time that I use it will be its last screech. I used to have confidence in HP printers. Now I see it's difficult to find one with better than 3 1/2 stars. No wonder. Now I'm stuck with HP Insta-ink cartridges if (rather, when - another mistake) I get something else. What a double ripoff.",negative
Great for organizing beads,positive
If I could give no stars I would. Shipping took 5 days instead of 2. Received the WRONG ITEM! No clue what this thing is. It isn't returnable. Not able to contact anybody for refund. DO NOT DEAL WITH THESE PEOPLE!,negative
"stopped working online after a week , now the camera works only on LAN",negative
"Not that good of quality, very dry and brittle for the price",negative
Very nice frame but it covers up half of the tag registration renewal stickers and the state name.,neutral
"I will say the quality of this is decently good, however I am only 5'1 and 115 lbs. Ordered a small and it was ridiculously large, falling off it was so big, also the skirt is very long. Sadly returning.",negative
"Sadly, I purchased thinking it was authentic. When I received it I noticed it was just stuck inside a plastic bag, no box. Then I realized it was not actually sold by Big Green Egg. I purchased another authentic gasket from a local store, and didn't pay much more for it. Comparing the two, the gasket sold by Amazon was much thinner. I reported the issue wth Amazon, return it, and received a refund. I am shocked to see that this has not been clarified.",negative
Good high quality earings. They came in a nice package so I dont even need to wrap them!,positive
Runs quiet but cuts close - and never cuts my neck!,positive
I can not wear these socks as they cut off circulation at the knee. I gave them to a friend with legs that are smaller around. I ordered the large/ex-large but they still didn't fit.,negative
"Excellent product, used a few times already and no problem",positive
This product is perfect to keep from getting scratches on the face. Especially is you work with your hands an around thing you might ding it on,positive
These glasses feel cheap and are crooked on my face. One side rattles like it’s not very secure.,negative
"Originally, purchased this protective silicone watch protector for my Fenix 5X plus. Lasted 4 months before ripping. Amazon only accepted 1 month return. Product advertised with 1 year warranty. Could not find seller contact to receive refund or warranty.",negative
"I bought this case for the raised edges, as screen protection is important for me. This case does have nice raised edges around the camera and fingerprint scanner, but when it comes to the screen - almost no raised edge. I have the glass screen protector from the One Plus website, and when i hold the phone, it feels like the screen/screen protector rises above the edges of the case. Really unfortunate because i chose to buy this case over others because of the raised edges. Disappointing.",negative
Tastes amazing! And SO MUCH better for you!,positive
"This is my second replacement box. I purchased my 1st box at the local big box retailer in Jan 2018. It started to crack in the back within 2 months. Later, while loading it in my service van. The handle came off. The lid is cracking in the corners now. I e-mailed Dewalt customer service and I have to ship that box to Mississippi for evaluation. So now I ordered a 2nd tool box and, I have to have it because I repair refrigerators in customers homes. The tool box is great because it keeps everything together and saves trips to the service van. But this box is fragile. I worried a bit when I received the 2nd box. The shipping was pretty fast but no packing materials in a oversized box. Luckily it didn’t get damaged.",neutral
Crazy small...not worth the effort,negative
My great-granddaughter loves it!,positive
"They’re to short, the bra needs to be wider and the elastic needs to be thicker and hug better.",neutral
to small. I had to ask someone to try to put it on for me. it is otherwise a great buy if it fits.,negative
"These run very small. My daughter wears a 7.5, I ordered her an 8 to give added room and they were too small. I returned and reordered a 9, they fit. Very nice shoes.",positive
"Even though we haven't opened this yet (bought for my husband, waiting for spring to start), I'm reviewing and giving only 3 stars for one reason... I keep getting emails from the seller, way to many. Not just informational ones, those are ok, but rather ""please rate"", ""are you satisfied"", constantly! It's rather outing. I don't appreciate sellers bugging consumers for a high rating",neutral
"Love this laptop bag! it has plenty of room for all the things i need to take back and forth to work, and it looks great!",positive
good idea to keep those special recipes in one place,neutral
Inks came opened and spilling out. Machine works well though. Not sure about using the ink on the skin. Doesn’t have good reviews online about the ink.,neutral
Super cute! Bought this for my underweight Heeler we adopted. She was about 25 pounds when we first bought it and it was a little loose. She's about 35 pounds now and it still fits. She loves wearing it!,positive
Upgraded to this paid version for the meditations but those are not even included and must be purchased separately. Stick with the free version.,negative
"The color does not match the picture. It is more of a dull blue then the vibrant hue depicted. The material was very poor quality, rough and thin. Not appropriate for delicate baby skin or to keep them warm",negative
Cute but too expensive for this quality,neutral
These take me back to being a kid. Great arts and craft supplies for small children. These would also be pretty great to cut borders for scrapbooking.,positive
I did get this on sale and the quality is cheap looking. It’s not the best quality.,neutral
"These are definitely sturdy glasses, but I bought them to replace the lenses with prescription lenses. I don't think it's possible with these glasses. But they are kinda cute so if you have good vision give them a try.",positive
The top was tough to put on and broke before I got it together so there is no way to lock it.,neutral
The cut was awful. I returned mine. Legs were way too tight for business wear and i wear leggings a lot. Strange cut - tight with flare.,negative
"I was disappointed because it looked cuter on line, slightly frayed, and has a black marker line on the back. Amazon took it back",negative
I used these mainly for use with my Gardening tools & yard deco for storage in the garage and they are just the right size.,positive
Great fit and easy to install. No issues yet.,positive
The one I received was all plastic. It did not have the metal threads that are seen in the photo. Buyer beware.,neutral
Perfect - got tired of the velvet hangers. Clothes were always hard to get on and off the hangers but these are so easy and space saving.,positive
I ordered this so that I can charge my phone and listen to music on my stereo/car at the same time and I kept getting an error message stating that it is not supported. and not only that but also this only worked to charge my phone. It would not work with any of my stereos.,negative
Extremely baggy in the belly area. I have to return them.,negative
Worked great at first but after a few days the camera HAD to be plugged into the charger for it to work. It wouldn’t last no more than 5 minutes without the charger being plugged. Also the menu was a bit confusing and some things just didn’t make sense.,negative
"wow, suprised how good this arm actually is considering how inexpensive it is",positive
It does it's job well for office or school stuff but it's pretty flimsey. I suggest getting a metal one for your toolbox for just a few more bucks,neutral
"Large ice chute, easy to use, fast and makes great sno ice. Love it!",positive
jacket is nice but runs small,positive
"The product arrived in time. I was expecting a better ""Berry"" flavor. It still has an off flavor to it unless I mix it with a fruit heavy smoothie. There is no way that I can just add this to water and drink it. The other Super Food flavors over power the berry flavor.",negative
"I buy a lot of things that require assembly on amazon and don't mind assembling things in order cut down on shipping costs, but the person who made the decision to package this in such a way that required assembly is a complete and utter fool and doesn't mind wasting the time of the consumer. Just stupid. It required me to attach screws and a shelf that could have been easily done prior to deliver without making delivery/shipping more expensive and frankly was an unnecessary and tedious to put together. I recommend you buy something else. The people who packaged this are fools.",negative
"I bought this watch as a more 'serious' alternative to my resin band casio watch. I wanted a decent, good looking watch i could wear with both casual and smart casual outfits but I was not willing to spend more than $50. I came across this watch after doing some searching on Amazon. The watch looks and feels good. It did feel a bit heavy at first coming from a resin strap watch but I quickly got used to it, I even forget to take it off going to bed sometimes. I was happy that it came with a tool for adjusting the strap, I decided to do it myself this time and it was easy after checking a tutorial on youtube. I had to remove 3 links to have the watch fit in such a way that it does not move around the wrist but also does not feel like it is squeezing my arm I had a slight issue with the date function on the first day, almost thought it was defective when i woke up in the morning and the date hadnt changed. However, the date changed at mid-day and I had to change the time so that the date would be changing at midnight. Overall it was a good buy and I recommend the watch at this price point.",positive
It doesn't stay charged very long.,neutral
I've read all these reviews. I am a shorter male with a larger than wanted mid section. I saw this product and used the size chart. The product works great and fits exactly the way it says it would. My first impression is fantastic.,positive
"I would have loved to have tried this very cool gadget. However, I ordered them in July. Today is September 4. They never arrived. The order tracking page has them ""lost."" Oh, well.....",negative
This is a very nice and decent product for the money materials are kinda cheap feeling but still sturdy.,positive
"I didn't find anything special about this shampoo. It smells fresh mint at the first application, but does not last even a couple minutes. The bottle is sleek and easy to store that I like about most.",neutral
"The purpose of a bra like this is (in my opinion) so you don't have to wear an actual bra for those trickier thin tops. That being said, this bra covers none of those bases. Not only was it not sticky enough (one pad fell off an hour and a half after wearing it in the office, no sweat), but the pads are SO THIN that you can tell if you are cold. Which is not ideal. At all. In the end I resulted to taping myself and then attaching this bra.",negative
This was perfect for my kids and school!,positive
"Sturdy, well made and currently hanging out in my closet.",positive
"Was excited to get a unit that matched my existing, but 10 second delay to kick in. It keep running when the truck is off. It only runs full blast and 3 settings down. At least I have air conditioning but trying to find another part.",negative
It just didn't work for my dogs and cat. They just. The product did exactly what it was supposed to. The return process was very easy as well. I wouldn't buy this product again but I would buy from this seller.,negative
Kind of cheaply made. Wonder how long it will hold up.,neutral
Fun to put together! This was the trickiest one I have put together. You have to bend the sides to fit the shape and if you don’t use the right pice in the right direction it won’t work.,positive
"WASTE OF MONEY, DO NOT PURCHASE. THESE ARE NOT AT ALL ADHESIVE, JUST KEEP FALLING OFF, TAPE IS NOT AT ALL STICKY. MY BABY CAN SIMPLY PICK THEM OUT. DO NOT BUY.",negative
"Like it, but they need to put more material on handle side",positive
I love this garden flag! It is beautiful. It is made with excellent high quality material. The opening at the top is wide enough for the side pole on my lamppost. This reminds me of my Evergreen garden flags. Highest quality.,positive
Ordered a medium. Fit great. Easily ould fit a large too. No actual waistband so it moves a little when you sit. Started to unravel a little after wearing for only a few hours but wasnt very noticable. Definitely worked for what I needed it for. Still very satisfied,positive
Nice quality little cars. Split this between several little boys so they can all race each other. Worked a great!,positive
Not the most high quality lights. They have a green hue to them which the included filters can not remove. You can adjust your wb and fix the issue post not a big deal. Lightweight and battery operated. Easy to use and easy to move. Comes with a bag with pockets for extra stuff and the bag has pleanty of Room for more items.,neutral
Really handy for camping. I wound up wearing it around my neck setting up the tent which worked great... Didn't need to try to struggle with holding a flashlight while I set up. Used this instead of my flashlight the last two camping trips.,positive
Purchased this nursing bra in the gray color and it is super comfy to wear all day and night. The removable pads are great and don't show any leak stains. Would definitely recommend for nursing moms!,positive
Two stars because it is really cute and the colors are nice and bright. But I only received four of the six advertised prints. Will someone please contact me to let me know if a return is the best way to handle or if I can be sent the other two.,negative
It keeps my hands free and it is strong enough to hold my phone and tablet. I would not throw this thing around much. it is lightweight plastic. It is cool so far.,positive
A bit disappointed. After reading the reviews I really thought this would be better than it is. It leaves behind a ton of mess and can’t seem to get around objects easily.,negative
"I have not received this item. It says it was delivered, but I have not received it. I wrote to you last week. Please refund my money on this item that was not delivered..",negative
Not my style performer.,negative
I bought this flashlight and after a few months with very little use it stopped working.,negative
i'm sure the nutrient value was awesome but the taste was unbearable,negative
"Nice belt, great adjustability. Not the same quality as from the original ratchet belt manufacturer. Saved some money upfront but I can already tell this won't last like my original belt did.",neutral
"When you buy a new book, you don’t expect to get something obviously used and badly damaged. A long rip marred the binding between the spine and first page, the corners were banged up, and the pages themselves were dirty and stained with, what I hope was, food. I paid for a new book and got a grimy tome that the public library would’ve thrown out.",negative
Worked great .. received everything I needed to replace the screen.. took me 10 minuets. Screen works great,positive
Worst Product Ever. The top lid gets stuck every time and hurts your fingers. I usually need help from someone else to open the lid. It's not worth buying.,negative
its hard to tell if it made a difference. i also used the shampoo for yeast.,neutral
First book by this author. It was okay. A little slow for my taste. Brutal. A little mystery and suspense.,neutral
It is heavier then I thought it would be.,positive
"I like the Kumon method so I bought many Kumon books. Unfortunately the Kumon word problems series is very poorly designed. For every page, the first problem is good but it has an example solution. The rest of the problems have almost exactly the same pattern (with different numbers), thus kids do not even need to read the question carefully, but just follow the pattern and fill in different numbers. Therefore this book is not much useful. A good word problem book should lead kids to think about every question and find out the proper solution. There are patterns among word problems, but the book should not have made it so obvious that kids do not need to think at all.",negative
"I read Little Lies by Michelle Brown, in the Just Breathe Anthology. ""Breathe, you can do this. You can make it without the release. Just breathe, you won't shatter without it."" It's a short story about pressure and release. Daily pressure from family, friends and social media. Release. Seeking release in the form of control. Finding something that you feel you have control over, in a life that you can't control. It's too short for my liking, but I did like the story. It's very informative, and emotional.",positive
"As I first started the book, I was wishing that I had just downloaded a sample instead of buying it. The format was strange and a bit confusing. But, as I read further I was so intrigued that I had difficulty putting it down. It really is a fascinating story. Don’t give up, keep reading, the sample won’t do it justice!",positive
I think it works well and does the job.,neutral
"Toe of the shoe has a tight fit, but the shoes are otherwise well made and look nice.",neutral
Was a used product which I was not aware of... Returned it and still no refund...,negative
These headbands are wonderful!! Sold for an excellent price! These headbands fit our newborn and our 9-year old neice. I highly recommend them! Please mark if you find my review helpful. Thank you so much!,positive
Difficult at first but great once you get the hang of it. Very full volume,positive
"Paid for itself in first use. I resized about 5 watches in under 2 hours and did everything from replacing spring bars to watch bands. Didn’t use battery removal tool because I read on reviews this didn’t have a piece to compress the watch backs after opening and indeed it doesn’t! But for $12 it’s worth the price. The quality of the tools is 4 stars, the 2 pronged pin punch broke on one side but other than that it’s worth it. Only one broke and I didn’t really need it so it’s a steal at this price. Do it!",positive
Ordered this bike put it together and found that the front tire rim was bent. Sent it back and Amazon had the replacement bike to me within a day of my return! Just finished putting the second/replacement bike together and this one also has the same issue. I’m so very disappointed. I love the look of the bike but I cannot ride a bike with a bent wheel. This one is getting returned and this time I’m just getting a refund cause it’s a waste of time and money at this point.,negative
Bought this 4 months ago and it stopped working already. Not happy!,negative
"These round silicon mats can go over the turntable in a microwave for easier cleanup in case of spills. Since they are just flat silicon sheets, they could also be used as a nonstick liner in a round cake pan. I've been using these in both ways for a bit, and they are sturdy and easy to wash.",positive
"Good product. Feels solid which is nice but I have a bit of trouble latching it onto some tire stems without leaking a bit of air, but once it is on its fine.",positive
great product. Fine leather quality. love the color,positive
Adorable and seems to be more durable than most toddler rings,positive
"The are very nice jeans, not quite at waist or below waist just different, fit just a little snug but ok. I would buy again",positive
did not like fabric nor fit,neutral
Too slow during operation and sometimes getting hanged. Slide doesn't work sometimes while receiving calls. Also noticed network problem.,neutral
It was too hard and uncomfortable. I have used other old fashioned kinds before and found them to be more comfortable.,negative
"The overall appearance is nice, but the date is too small.",positive
The perfect gift for someone who turned out to be a blessing in my life.,positive
Lasted less then 45 days. I am not a heavy user.,negative
"Letsfit fitness tracker looks very nice. Its battery life is long. It is Very light weighted, the app support different kind of sports and it was cool faces. The heart rate is accurate. Compare the price of the tracker, it could be a good choice.",positive
"It's a relatively thin material, I certainly wouldn't use this as a primary source of warmth on a cooler day. It's a great product, it's very comfortable, and has plenty of length in the arms and waist. If a more accurate description was given I'd easily give this 5 stars, but I was a bit disappointed to see I'd still need a heavier garment to provide protection from the cold. Call it a long sleeve hooded t-shirt and it's perfect.",positive
"These air mattresses are not self inflating as stated in the description. I took them on a canoe/camping trip this is weekend and they were much way larger, rolled up, than expected. Then once I unrolled them I found I still had to inflate them by self. I have them 2 stars because they were comfortable to sleep on considering their thickness but they provide no R value from the ground temp. They have been returned for a refund.",negative
This set is absolutely awful and when we opened the box there was already a rip and one of the shakers had come undone from the attachement to the case - which was ripped ! Terrible product,negative
"Had these for about a week now, comfortable and polarized looks great, but they chipped/peeled from dusting and cleaning them. Haven’t dropped or scratched them so it isn’t caused by that. Would be a great pair of glasses if they didn’t peel so soon/at all.",neutral
"It's a phone ring, so I won't describe this one's obvious use. However, as far as phone rings go, this is very pretty. I have had it for 2 months and it is still the same quality - hold onto the phone, swivel, and look.",positive
Interesting read but a little dry.,neutral
These anchor luggage tags are awesome! Used them on my last 2 cruises. They hold up well and they helped me find my luggage quickly as they are unique.,positive
Saw all the good reviews and purchased it. I wouldn't even purchase it if it was cheap... It tastes terrible.,negative
Did not work very well,negative
"It was good while it lasted, 6 months into using it mostly weekends and it has stopped working now. Led its on but ligth is really dim now, i have other 3 more and are doing ok for now but will see if they dont stop as well.",negative
I plugged it in and it never worked. i returned it and got my money back.,negative
I collect action figures and he goes great with my superman collection,positive
"This dress is pretty short & I am 5'2"", but the color was much darker than pictured so it doesn't look denim, it looks more of a dark camo green.",neutral
Good little instructional..,positive
"I really liked this cute fascinator to wear for a tea party. I gave it 4 stars only because the color was a bit off. I ordered white, but it looked a little gray or a bit dingy color white.",positive
I've been looking for a budget friendly smartwatch and this one hit the spot. It amazes me how a small device can bring so much convenience. The dial and messaging functions really well. Just make sure to connect your smartwatch to your phone thru bluetooth and everything will sync up.,positive
Good product but it didnt fit my 32 oz bottle.,positive
I ordered a 6 to 9 months size so that the baby could grow into the outfit. It fit like a 3 to 6 month size. New born could wear the clothes now. I hoped that she could have gotten more wear out of it before she out grew it.,positive
"Predictable, poorly written. The main character is flat and behaves in ways that just don’t make sense. Spends too much time explaining what happened in the first book. Needed a better editor.",negative
I like that its green an loud,positive
"My dogs are exactly 16"" around (girth) and neck size 11"", so I ordered a medium, but the harness was big enough that they could get out of it if they tried (high strung spoiled yorkies that don't mind). I have altered the harnesses for them. I would suggest if your dog measures as mine that you stick with a small.",neutral
"These short stories are just what you need to get into the holiday spirit. From small village to big city, love is in the air.",positive
Pay for what you get. Will be buying better brand soon.,negative
and just like originals the labeling does not stand up to the heat of the oven and shrinks and becomes unreadable will try another manufacture,neutral
We love this but the handle popped off the third time we used it. No big deal we are just careful with how we hold it.,neutral
Never did get product. Finally got a refund,negative
Too small for adults might be good for a kids party with fancy juice drinks.,negative
easy to clean and reshape,positive
"I ordered the same size I always wear, They just didn't fit comfortably.",negative
Loved this cover. So soft,positive
