review,actual,predicted,confidence,correct,len_bucket
"All in all, I’m very happy with these. Excellent item, All and all amazing deal for the price! Prompt delivery of a good quality product which is also great value for money. Satisfactory logistics arrived on time Third purchases. The family is doing well",neutral,positive,0.999,False,26-50
"Horrible received with scratches,I always support SPIGEN COVERS I WILL NEVER AGAIN.very disappointed 😏",neutral,negative,0.996,False,11-25
I wouldn't recommend.,neutral,negative,0.995,False,<=10
This is great little tool. It can almost any dust or dirt from the car. It is small so my kid can handle it very well and to be good helper. Great buy great value. Highly recommend!,neutral,positive,0.995,False,26-50
Very cheap. Do not recommend,neutral,negative,0.992,False,<=10
It not worth your energy. Worst. Junk completely.,neutral,negative,0.984,False,<=10
They didn’t work as expected. Waste of money for me!,neutral,negative,0.984,False,<=10
I was disappointed in this product.,neutral,negative,0.982,False,<=10
I NEVER RECEIVED THIS PRODUCT.,neutral,negative,0.982,False,<=10
The item that I got from you guys broke after 1 month and it says AMC on AMC off AMC on AMC off it never stops,positive,negative,0.98,False,26-50
I love these so much! Perfect size to carry around and jot down little notes!,neutral,positive,0.979,False,11-25
Great book scary at times but good loved that it took place in my home state Thank you very much,neutral,positive,0.979,False,11-25
I love how comfortable it is what I dislike is that it is see through,negative,positive,0.976,False,11-25
", the tracking says I received this product and I have not received it yet I verified my mailbox and there was nothing there or at my doorstep so it's false is saying it's delivered and I haven't received it yet",positive,negative,0.976,False,26-50
The items are fine but this seller will not get my business ever again. I accidentally put in the wrong shipping address cancelled order immediately and they would not accept the request so I reordered and had sent to correct recipient. Got two at my address and tried to return and the cost was ridiculous so I sent them forward. This seller is not customer focused. Very disappointed!!!,positive,negative,0.975,False,51-100
Good: I use it to help me draw and it works! thanks to this app ima draw master Love it,neutral,positive,0.971,False,11-25
This is a great eyelash curler. So easy to use and small enough for travel. Love it.,neutral,positive,0.971,False,11-25
Got it. Thank you. Great product,neutral,positive,0.97,False,<=10
Perfect for fish bowl,neutral,positive,0.97,False,<=10
VERY thin. Good for the price.,neutral,positive,0.969,False,<=10
I doesn’t have a functioning solar component!! Waste of money,neutral,negative,0.969,False,<=10
Product is terrible. I would not buy this again! Unreliable.,neutral,negative,0.969,False,<=10
"Easy assembly, beautiful and very easy to take down",neutral,positive,0.967,False,<=10
I never received this item. Said it was delivered to my front porch and I never received it. I never have a problem with packages not being delivered so idk who to blame for it.,positive,negative,0.967,False,26-50
Might have been amazing if they ever arrived.,negative,positive,0.966,False,<=10
Only 1 of the test worked. The other started the blinking dots and then completely cut off and never came back on. Very disappointed.,neutral,negative,0.965,False,11-25
"My husband was rough on cushions that tie to the dining room chairs, and I got tired of repairing the little ties. These are a great alternative because they stick to the wood chairs without ties. My complaint is they attract everything except men and money. If you have no pets, I highly recommend them.",neutral,positive,0.965,False,51-100
"Bag pierces very easily. Returns are fast, but amazon and seller do not communicate. I was charged twice, once for the original and again for the replacement (I returned original immediately and they claim they never received it). Replacement bag is already starting to fall apart in the same spot. Faulty. Do not buy, look for something sturdier.",neutral,negative,0.964,False,51-100
The make of this is so poor. The motor died after 1 year an caused my system to overheat. Do not buy this product.,neutral,negative,0.964,False,11-25
does not work and cannot return .. save your money to their credit they did refund my purchase even through it was marked as non-returnable on Amazon,neutral,negative,0.962,False,26-50
Awful quality. Don't buy. Product is terrible.,neutral,negative,0.962,False,<=10
"This was my first review of this item: I will never order from this vendor again. When we pulled the wire ends off the switch the whole tab came out, it did this for everyone I tried to pull wire end out and it broke the switch when I tried to put it back in. Junk. Do no order this product you will not be happy. I was ready for install and now out of return window so I am not very happy. I hooked up with my local automotive wiring shop and he told me the problem. It seems on the wire ends you have to squeeze the tab on the wire end and force it out of the lock then the wire ends comes off easy. Its a shame, since I did ruin two switches and pulled the ends out of three others. I would now order this item again with the knowledge of how to use it. It seems the seller would have told us this in the literature/instructions. I am adjusting my rating to 3. Write better instructions it hurts your product!!",neutral,negative,0.961,False,>100
The effects are great as far as the ability to be ready to perform. The only negative effect I found was joint pain when taking the capsule. I have found mixing it with OJ makes it a little easier.,neutral,positive,0.961,False,26-50
I loved the story and was hooked on the book. Foul language was the biggest complaint I had but still a great book.,neutral,positive,0.96,False,11-25
Worked like a charm! Cute prints and easy to use. Made middle of the night swaddling easier after diaper changes for mom and dad.,neutral,positive,0.96,False,11-25
"I would rather just use glue, this was a waste of my money SMH",neutral,negative,0.958,False,11-25
"Bought these for fly fishing, they should be great for everything else.",neutral,positive,0.958,False,11-25
the item does not work at all... deffective ---dont buy from this buyer,neutral,negative,0.957,False,11-25
Poor quality. Cheap.,neutral,negative,0.957,False,<=10
I liked it thank you,neutral,positive,0.957,False,<=10
"Ordered a flat bed skirt but received a ruffled one, which was EXTREMeLy wrinkly. Would not order this again, was very disappointed.",neutral,negative,0.956,False,11-25
I really enjoyed the compilation if stories in this set. Bravo to all the authors who contributed a who-dunit. The settings were wonderful and the characters were well-developed! I look forward to more great stories from these ladies!,neutral,positive,0.956,False,26-50
"perfect size, the best protein, I have consume other brands and always got",negative,positive,0.956,False,11-25
Cute little stuffie. My grandson has fun throwing it around,neutral,positive,0.955,False,<=10
father's day gift. works great for my dad,neutral,positive,0.955,False,<=10
Just like Trump's. Exactly what I wanted!,neutral,positive,0.954,False,<=10
"My husband loves these glasses.. It looks retro and cute on him. They are comfortable, well made and seem durable so far. Not sure yet if the gold color would fade since I have seen it get lighter. But, still love the design of the glasses. He wore it to an outdoor party recently and really enjoyed wearing them as they worked as sunglasses as well. I am soon going to try these glasses on for a vintage theme.",neutral,positive,0.953,False,51-100
Very easy to use. Terrific results,negative,positive,0.953,False,<=10
Smells wonderful I would love if a conditioner came with it. All around wonderful though.,neutral,positive,0.95,False,11-25
Not working with my pc and is useless for me.,neutral,negative,0.95,False,<=10
This is the one. It came with no battery. Can you send a battery or do I return it?,positive,negative,0.949,False,11-25
some good stuff here and the price is right,neutral,positive,0.949,False,<=10
The book itself is a great tool in weight loss. I would recommend it.,neutral,positive,0.949,False,11-25
Super cute and comfortable,neutral,positive,0.947,False,<=10
Order 3 sets of these to put on out pergola. One set works great. The other two sets have to be turned on every might which is a pain because the split panel is mounted on top of our pergola and we have to get the ladder to turn it back on. I love these lights when they are on. Looks great and will still recommend this product.,neutral,positive,0.946,False,51-100
Haven't used it yet but it looks good and works as advertised. Happy with purchase.,neutral,positive,0.945,False,11-25
"Very cute, but very low quality. Ordered this for a birthday gift for my niece. She had it a week and I was embarrassed to find out the seams are already coming apart in several spots. I don’t recommend this prouduct. Very disappointed with this purchase!",neutral,negative,0.945,False,26-50
One of my tombstones came broken... the other snapped as we were putting it in the ground. Pretty much a waste of money.,neutral,negative,0.944,False,11-25
"My biggest issue was the package. I normally dont write reviews for my Amazon purchases. But this was so disappointing I had to write a review. The product came a day after it was supposed to which is not the companies fault I know that. But if my package is late atleast make it look acceptable to the eye. My package came in a big box I opened it then saw the box the wheel came in. Lifted it up and everything fell out of the box, the box was so damaged and falling apart I would be embarrassed if I sold that to someone like that. I felt that they dont care about my purchase and just threw it in a box and shipped it out.",neutral,negative,0.944,False,>100
"Worked great at first. Then suddenly quit working. It's past the return date policy. Imaging that. It would have been returned before the deadline but it was working up to that point. Not sure if a bad unit or not, Beware and watch your return date.",neutral,negative,0.941,False,26-50
"Not worth the money. Very disappointed. I am not happy leaving a negative review, but it is my honest review, I won't lie. Just So-So.",neutral,negative,0.94,False,11-25
Use it for a month and few day I woke up with no charge. It’s will not start charging easy unless you play for a while with it. Very cheap material. Don’t buy again.,neutral,negative,0.94,False,26-50
Received my package with 2 packets already open and spilled everywhere. Very disappointed.,neutral,negative,0.939,False,11-25
it's very easy to set up and use,neutral,positive,0.938,False,<=10
"good product, fast service.",neutral,positive,0.937,False,<=10
Not very laud but work fine.,positive,neutral,0.936,False,<=10
"Cannot see in the dark, otherwise its perfect.",negative,positive,0.935,False,<=10
Works great and does what is advertised. Really like the door bell and highly recommended this product. Was missing the screw to hold the door bell to the wall mount,neutral,positive,0.935,False,26-50
Works good but tube doesn't go very far. Ok for the price. A larger jug would be better and transfer to a small soap pump dispencer.,positive,neutral,0.935,False,26-50
"I sometimes travel for work and also occasionally work from a coffee shop since my job is flexible. I wanted to make sure wandering eyes were kept away from my screen. Overall this is a great product and I was really going for ease of installation or the magnetic kind. It fits my 2010 13” MacBook perfectly and with simplicity. My laptop even closes with it on so that’s a huge bonus. There’s plenty of light that still comes through without having to turn my brightness all the way up so my only complaint is the privacy filter of this screen. I’d say it’s more of a deterrent rather than privacy. True, there are others that could have been more effective, however, for the price point and the ease of install, it’s a winner in my book and I recommend it.",neutral,positive,0.934,False,>100
"I had ordered a pair of the same sandals off an add on facebook. It took forever to get them and I got an order saying they shipped the wrong size, so I had my credit card company stop payment on them. Then I ordered the Soda's off of Amazon. I was supposed to receive them today. It turns out, I got both pairs today. I had tracking on my original pair and it said they had stopped the shipping, so I didn't think I was receiving them. The Soda's were MUCH higher quality and they were the name brand of Soda. So I apologize for the bad review earlier today.",positive,negative,0.933,False,>100
The product was as described and I have no complaints. Delivery and services rendered were great!,neutral,positive,0.933,False,11-25
Don't be fooled. Awful quality. Don't buy. I'm not happy with my purchase!,neutral,negative,0.933,False,11-25
It stopped working after 2 months,neutral,negative,0.933,False,<=10
Works great. Nice to get all in a package deal. Will buy again,negative,positive,0.932,False,11-25
"Love to tell the world that the Fulcrum has helped me to perfect my technique. Truth is it did not, and, after being used a few times, is now collecting dust. Still trying to find the magic swimming bullet,",neutral,positive,0.932,False,26-50
Very classy looking. Good size & easy to read.,neutral,positive,0.932,False,<=10
I bought this headset in December 2018 as a part of gift for my son's birthday. This week left side almost stopped working (it produces some sound that I barely hear). I am very disappointed!,neutral,negative,0.932,False,26-50
Cheap cheap cheap. Zipper broke within the first week. The material on the back side ripped the first time we put a hanger in.,neutral,negative,0.931,False,11-25
Half came broken. Sent a message. No response.,neutral,negative,0.931,False,<=10
Very good for wall decorations!!!,negative,positive,0.93,False,<=10
Very cheap material and poor design.,neutral,negative,0.93,False,<=10
"I pretty much only needed one but it was a great price for four, so I got four. Easy to clean, it’s hangable, and sturdy. Vibrate colors.",neutral,positive,0.93,False,26-50
"I love the feel of the headset, its very comfortable and the sound quality is great. I normally use it while working , my hands are normally occupied so they come in handy while on a call and for listening music.",neutral,positive,0.929,False,26-50
They are ok. Much darker than I expected them to be. But not thrilled with them.,positive,neutral,0.927,False,11-25
"Would recommend, high quality, nice product.",neutral,positive,0.926,False,<=10
Broke in first 30 mins,neutral,negative,0.926,False,<=10
Very unhappy with the color. Nothing like the picture,neutral,negative,0.926,False,<=10
"I've had a few different fans at my desk at work over the last few years and it was time to replace my current one, so I picked this up based on the reviews and price. I was very surprised at how small and light it is, but that's a good thing. The USB cable is plenty long enough to use at my desk and even though it's a small fan it's quite powerful and feels great. The only downside is the buzz that comes from it. It's a LOT louder than I expected and is clearly noticeable over everyone else's desk fans here at work, and that's at the lowest setting. Raising it to medium or high and it's super loud. Again, the fan works great and I've never an issue with the ""fan"" noise every other fan I've used has, but it's gonna take awhile to get used to the buzz this one has.",neutral,positive,0.924,False,>100
Too expensive. A regular size sandwich wont fit in this size/opening is small and tigh. Ordered two of them and they arrived with imperfections. Won't recommend buying this item on Amazon.,neutral,negative,0.924,False,26-50
"Updated review*** the seller contacted me and stated that I possibly received a defective piece and would like to correct. The response was quick and very professional. I am pleased with the outcome. The turner is junk!!!! It will not hold any cup or turn with the cup. The cups fall off. I’ve tried using a noodle, a football, the foam that came with it. A complete waste of money.",neutral,negative,0.923,False,51-100
I really enjoyed this book it was good from start to finish I look forward to reading more from this author,neutral,positive,0.923,False,11-25
I never tried them on. The color was way too bright. Not at all the color you see online. Looks kinda neon. Didn’t return them in time so wasted my money...,neutral,negative,0.923,False,26-50
Very cheap. Never wore it,neutral,negative,0.922,False,<=10
great price - fast shipping - works as others di,neutral,positive,0.922,False,<=10
"Didn't work. Despite following the instructions on the site and trying them for over an hour; never worked for me, maybe it will work for someone else.",neutral,negative,0.922,False,26-50
I ordered the silver frame and they sent me a white one. It is not worth my time or money to return it. I will live with the white I guess.,neutral,negative,0.921,False,26-50
"I tested it a few times and am very happy with this product, but very disappointed in there advertisement of it. it said you get two pots and a spork and all I got was this pot, will keep the pot but will never order from this company again and it took forever to get because it wasn't prime. I should now better not to order if it's not prime.",neutral,negative,0.921,False,51-100
Does the job. Doesn't hold up well in seawater however.,positive,neutral,0.921,False,<=10
Phone case started falling apart after a month and a half. Made of poor material so I guess why it’s so cheap,neutral,negative,0.921,False,11-25
Item of some round one's came apart so had to throw a way. Could not be be fixed!,positive,negative,0.921,False,11-25
Nice bowl and very sturdy.,neutral,positive,0.921,False,<=10
I’m sure it’s just my inexperience but I found this difficult. And stinky!!!,positive,neutral,0.921,False,11-25
Nice shoe and it is easy for my dad to put on.,neutral,positive,0.92,False,11-25
been using this a while and its working great!,neutral,positive,0.92,False,<=10
These are much shorter than your average croakies. Sinch on the cord works great but they’re just too short to hang on your neck.,negative,neutral,0.919,False,11-25
These glasses state that they are 9.75 oz -- they are only 8oz -- very disappointed.,neutral,negative,0.919,False,11-25
Very informative and in great condition.,neutral,positive,0.919,False,<=10
"It didn’t even have a charger with it, and it was dirty and cracked.",neutral,negative,0.919,False,11-25
It's good my sister she's liked,neutral,positive,0.919,False,<=10
Took a long time to get. Very cute and comfortable. Quite a lot of compliments.,neutral,positive,0.919,False,11-25
"So far, my parents have no complain about this product. It holds a lot of items in their bathroom and it was very convenient to mount in the wall without having the inconvenience of drilling. I am hoping that this will last without having to rust (but again, the good thing is, you don’t need to drill the wall). Just be careful though, as the edges could be a little sharp!",neutral,positive,0.919,False,51-100
The wheel are poorly built. Would not buy it again.,neutral,negative,0.918,False,<=10
Same as all other glass screen protector. Fits good with my mother inlaws iphone 7. Held up good and doing a great job as a screen protector. I've only used one so far.,neutral,positive,0.918,False,26-50
"The Case of the Haunted Address – A cute, quickly read story with a touch of humor. Good for a coffee break. Mystery of the Beautiful Old Friend - My first book by this author and I loved it! A well written, humorous Christmas story with likable, silly characters and surprisingly realistic dialog. The plot is funny and there's a quickly solved murder, among other happenings. An enjoyable way to spend a relaxing coffee break with an old friend. A Ghostly Gig – A well written story that contains humor and sadness but has a heartwarming end. Who Says You Can’t Paint Serenity – An interesting, well written instruction booklet complete with plenty of photos. It is basic, simple painting for anyone wanting to learn how to paint or see if they can paint.",neutral,positive,0.918,False,>100
I love this product. I have gotten numerous compliments from my ride share passengers about it :),neutral,positive,0.918,False,11-25
Looking for love may led to healing,neutral,positive,0.917,False,<=10
I really like this product,neutral,positive,0.917,False,<=10
to small. I had to ask someone to try to put it on for me. it is otherwise a great buy if it fits.,negative,positive,0.917,False,11-25
"Amazing ! Love this crepe snack. This is the best favor out of their 4 favor crepes. I usually get it in the store, but it’s always out of stock. So I just decided to get it here. It tastes fresh and great ! Just love it ! Update: I’m lowering the stars because I put it in a cool and dry place, but after like 3weeks, the crunchy pearls in the crepes are no longer crunchy.",neutral,positive,0.917,False,51-100
Loved it! Super sleek and very flexible,neutral,positive,0.916,False,<=10
pretty cool quality for that price,neutral,positive,0.915,False,<=10
"They are cute, but the fit is just okay. Keep slipping off the back of my heel.",positive,neutral,0.915,False,11-25
Very simple but perfect for my needs,neutral,positive,0.915,False,<=10
"Great camera but 2 big downsides: 1. Battery charger died 6 months later after very light usage (maybe 5 times total). That's $50 to replace. 2. The Nikon phone app to sync via Bluetooth is terrible. It can't connect. All the reviews said so, but I tried anyways. No luck.",positive,negative,0.914,False,26-50
"So cool! My daughter loves it! We plan to use it for her birthday, so I will update rating after then, with any added thoughts on this product.",neutral,positive,0.914,False,26-50
This product is not as pictured. It is sort of squarish on the top. Like two horns. I would not recommend this product.,neutral,negative,0.914,False,11-25
Very good movie. A good watch.,neutral,positive,0.913,False,<=10
It just suddenly stopped working 6 months later.,neutral,negative,0.913,False,<=10
Never received the shoulder strap!! Packaging was poor,neutral,negative,0.913,False,<=10
Very nice bag. Compact and smart looking,neutral,positive,0.913,False,<=10
About 6 came in a unusable condition. They were shipped in a cardboard box with no damage to it. This means that they were shipped and sent out already have ruined.,neutral,negative,0.913,False,26-50
They are little oversize cover's. Beside that excellent quality.,neutral,positive,0.912,False,<=10
It is cheaply made and the pen broke almost immediately.,neutral,negative,0.912,False,<=10
"Frankly speaking, junk! Awful quality. Don't buy. Cheaply designed.",neutral,negative,0.912,False,<=10
"The only reason I bought this tablet, and it's the third tablet I have owned is to watch the CW and Direct TV during my daily morning stop at Dunkin Donuts. So for over 45 minutes this morning after connecting to the Dunkin WIFI I tried to bring up my networks. The tablet kept telling me no network connection, but the bluetooth said the that I was connected, and that the signal strength was very strong. I then tried the same thing on my Samsung J7 cell phone and had no problem connecting to whatever network I tried. I will give it one more try tomorrow and if it again does not connect I will return it. Very upset!!!!!!!!!!! Next day it did not work so I returned it.",neutral,negative,0.911,False,>100
Good quality and value for the price.,neutral,positive,0.911,False,<=10
good product for the price...,neutral,positive,0.91,False,<=10
"Love, love, love the designs! Very pretty! But.... The more you wear them, the more the design erases :(",neutral,positive,0.908,False,11-25
Love the colors. Took three coats to get a good solid opaque color. You get what you pay for. Great starter gel.,neutral,positive,0.908,False,11-25
it's a little small but my daughter loves it.,negative,positive,0.908,False,<=10
These we just ok. A bit flimsy,negative,neutral,0.908,False,<=10
It broke after falling from shower ledge . Clearly not unbreakable. The spout broke off,neutral,negative,0.907,False,11-25
Really good but great,neutral,positive,0.907,False,<=10
Works ok but not as good as hoped,positive,neutral,0.907,False,<=10
The product was missing 4 pieces and the base was melted closed where you were supposed to slide in the extension pieces. Horrible purchase.,neutral,negative,0.907,False,11-25
"I ordered making magic happen and they sent me the wrong t shirt , with weekend",positive,negative,0.906,False,11-25
I was worried about the shampoo bottle would broke since they sent it from Korea. Thought I may have to return the item or cancel my order. But I received a complete bottle. They wrapped it with a plastic bubble wrap. Very professional.,positive,negative,0.906,False,26-50
more like clutch purse/wallet quality is good and color is great packaged well and fast shipping,neutral,positive,0.905,False,11-25
Package was terrible condition.,neutral,negative,0.905,False,<=10
Installation was easy. The back side was smoother than I expected but overall it was a nice fit.,neutral,positive,0.905,False,11-25
"Definitely foreign material being passed off as pod debris mixed in with the seeds. Also a fine brown dust mixed with what looked to be saw dust. The seeds themselves look just ok, but theres definitely deception going on here. UPDATE: Ok so the deceptive tactics still annoy me, but what annoys me most is that, it's really not even needed. The seeds turned out to be above average.... not really sure the need to add anything. But oh well. Not sure if I'll buy again, just because of the deception.",negative,neutral,0.904,False,51-100
Bought it for my mother Overall a great dress,neutral,positive,0.904,False,<=10
A wonderful book. easy to read and understand.,negative,positive,0.904,False,<=10
the fabric is very cheap,neutral,negative,0.904,False,<=10
"Bought as a gift. They seem to be difficult to get both to work together. They are a poor replacement for the old goNovate earbuds that I have been using with no problems for a year. In addition, they are horrible when using the phone. I can't understand a single word she says when she calls me with these. We have had these for a few weeks and already we can tell the quality is absolute crap compared to the old gonovate. So disappointing.",neutral,negative,0.904,False,51-100
"If I didn't like this item I would never buy it again because it is so incredibly difficult to open the package. Tried steel fishing scissors and sliced my finger open. Once the bleeding stopped and got it bandaged, used a crowbar. Worked with some effort.",neutral,negative,0.903,False,26-50
This book is a good read. Interesting characters. Enjoyed the twist and turns that it gave the reader.,neutral,positive,0.903,False,11-25
Very cute! Little smaller than I thought but will be great for the rustic country theme in my entry way! :),neutral,positive,0.903,False,11-25
The sticks and puck worked well. The folding mechanism broke almost immediately. That was disappointing.,neutral,negative,0.902,False,11-25
"Great movie! I’m so happy that I was able to rent it from Amazon because my husband had been wanting to watch it. 3 stars because this movie was too gruesome for my liking, but overall a good movie if you’re into that kind of thing.",neutral,positive,0.902,False,26-50
I ordered this because it was amazon prime. The shipping was delayed and it didn’t get here in time for my wedding 🙁 very disappointing,neutral,negative,0.902,False,11-25
Very cheap! And tiny,positive,negative,0.901,False,<=10
Very easy to apply.Can be used AM and PM.,neutral,positive,0.901,False,<=10
Disappointed nothing to hang it on cage,neutral,negative,0.9,False,<=10
4 were broken 4 were great. 4 that survived are excellent.,neutral,positive,0.9,False,11-25
"This was nice and light, great to hold, and was great for meat and candy melt temp checking!",negative,positive,0.9,False,11-25
Exactly what I was looking for being they are hard too come by now work great good service no problems received it in record time Thank You once again,negative,positive,0.899,False,26-50
"These work well, but they are a little large for my head (however, I'm an adult who has a small head).",positive,neutral,0.899,False,11-25
I had this professional installed. Unfortunately only lasted about 4 weeks before compressor failed.,neutral,negative,0.899,False,11-25
Poor picture quality. Tested this out in my living room and the pictures came out dark and blurry. I could only imagine how much worse this would be under water. Poor quality for the price.,neutral,negative,0.898,False,26-50
Extremely cheap material the bag is already falling apart.,neutral,negative,0.898,False,<=10
"Poor quality. My dog is a registered ESA, and I didn’t want to spent a ridiculous amount of money on his id tags, this is very poor quality. The words are blurry, but with my paperwork it still gets the job done",neutral,negative,0.898,False,26-50
Good communication only received 1 of the 2 I ordered. They sent out 2 more and never received them. Such a shame,positive,negative,0.897,False,11-25
Paid cheap get cheap,neutral,negative,0.897,False,<=10
"Not as good as the first one, but not bad.",positive,neutral,0.896,False,<=10
"I have had 4 of the cables go bad & was going to return, but missed the return window by a few days.",neutral,negative,0.896,False,11-25
I returned to this product,neutral,negative,0.896,False,<=10
"Just ok, not great and not good.",negative,neutral,0.895,False,<=10
It was a gift. Seemed ok,positive,neutral,0.894,False,<=10
AMAZING! what did i do before I had this thing?,neutral,positive,0.893,False,<=10
It gets the job done.The top comes off to easy. It's filmsy,neutral,positive,0.893,False,11-25
"Products (do not use seal )was broken upon receiving this item, I have read there may be tampering by this distributor...will not buy again",neutral,negative,0.893,False,11-25
"These look great! However if you have a cat, they will hook on them and there are tons of pulls and runs now and it's only has been three weeks. If it were only dogs, these would be great. They do attach well and I like the detach and wash idea, however I think mine won't last six months due to the cat.",negative,neutral,0.892,False,51-100
Gave as a gift she loved it,neutral,positive,0.892,False,<=10
"It’s beautiful and works very good, but it was smaller then expected.",neutral,positive,0.892,False,11-25
"Really like that it keeps me very warm. Bought the charcoal color. Really cute. Fit is kind of plain though, with little detail.",neutral,positive,0.892,False,11-25
Great assortment of twist ties. These are tough and sturdy and have a multitude of uses.,neutral,positive,0.891,False,11-25
The doll is very nice but the hair is different lengths and comes out easy. All other features are great. Granddaughter enjoys playing with it.,neutral,positive,0.891,False,11-25
Great seller and service.,neutral,positive,0.891,False,<=10
"Enjoyed the book, good for light reading!",neutral,positive,0.891,False,<=10
"My wife love these, a bit small",neutral,positive,0.89,False,<=10
The quality for the wire is good but I have too much leak sound the person next to me can listen what I listen to the microphone is good the comfort not bad general is ok,negative,neutral,0.889,False,26-50
"First off, I'll start by saying that these are undoubtedly the brightest T10 LED bulbs on the market. I've tried about 9 or 10 different brands and nothing comes even close to these in regards to the lumens produced. Now let's talk about the build quality. Originally, Alla Lighting had these bulbs with thinner connectors (refer to the picture, the bulb on the left) that would constantly break off due to poor soldering. Then Alla introduced the ""New"" version with thicker connectors (refer to the picture) that were supposed to eliminate the breaking off problem, however, as you can see for yourself, it did not work. Overall, I have spent a couple of hundred dollars due to constantly having to replace the failed bulbs. Eventually, I had to switch to a different brand, one with a different connector design (picture on the right), which will never break off, but had to sacrifice on the brightness. I will not purchase anymore of the Alla Lighting T10 bulbs until the connection design is completely changed.",neutral,negative,0.889,False,>100
Item had defects. Not happy. Had to use it because I did not have enough time to replace. It was a gift. This is the first time I have received a defective kid Kraft item. Too much money for a defective product. ☹️,neutral,negative,0.889,False,26-50
I guess these are okay for the price but they get very pilly and ride up quite a bit. I also had to take the inserts out because they bunched up A LOT.,negative,neutral,0.888,False,26-50
Perfect for adding a wideband O2 sensor. Next time though I'll find one with a lip that protrudes slightly into the pipe to make holding/welding it easier.,neutral,positive,0.888,False,26-50
It's a perfect case and it's super cute. It was just a little too smooth for me. I tend to randomly let go of things as I'm walking and this was even easier because it was so smooth.,neutral,positive,0.888,False,26-50
"On of the sets I bought stopped working after 2 weeks. Yes changed the battery and let it recharge my n the sun, still nothing. I’m disappointed because I use them on both sides of my deck posts.",neutral,negative,0.887,False,26-50
I thought they were poorly made,neutral,negative,0.887,False,<=10
